date,duration_min,intensity,load,performance_score
2026-06-01,45,5,225,
2026-06-02,60,6,360,
2026-06-03,30,4,120,
2026-06-04,0,0,0,
2026-06-05,70,7,490,
2026-06-06,50,5,250,
2026-06-07,0,0,0,
2026-06-08,45,6,270,
2026-06-09,60,6,360,
2026-06-10,80,7,560,10.2
2026-06-11,0,0,0,
2026-06-12,40,4,160,
2026-06-13,55,6,330,
2026-06-14,0,0,0,
2026-06-15,75,7,525,
2026-06-16,60,6,360,
2026-06-17,30,4,120,
2026-06-18,0,0,0,
2026-06-19,65,7,455,
2026-06-20,50,5,250,10.8
2026-06-21,0,0,0,
2026-06-22,45,5,225,
2026-06-23,60,6,360,
2026-06-24,30,4,120,
2026-06-25,0,0,0,
2026-06-26,70,7,490,
2026-06-27,50,5,250,
2026-06-28,0,0,0,
2026-06-29,40,5,200,10.5
2026-06-30,60,6,360,
